{"cameraMode":{"drawMode":0,"name":"Shaded","section":"Shading Mode"},"sceneLighting":false,"audioPlay":false,"sceneViewState":{"showFog":true,"showMaterialUpdate":false,"showSkybox":true,"showFlares":true,"showImageEffects":true,"showParticleSystems":true},"in2DMode":false,"pivot":{"x":-1.0600241422653199,"y":0.5,"z":-2.465433120727539},"rotation":{"x":-0.030304472893476487,"y":-0.01620999537408352,"z":0.0004915264435112476,"w":-0.9994091391563416},"size":2.2863171100616457,"orthographic":false}