{"cameraMode":{"drawMode":0,"name":"Shaded","section":"Shading Mode"},"sceneLighting":false,"audioPlay":false,"sceneViewState":{"showFog":true,"showMaterialUpdate":false,"showSkybox":true,"showFlares":true,"showImageEffects":true,"showParticleSystems":true},"in2DMode":false,"pivot":{"x":1.0,"y":1.1100000143051148,"z":-1.2300000190734864},"rotation":{"x":-0.45939067006111147,"y":0.002914984943345189,"z":-0.001507648266851902,"w":-0.8882283568382263},"size":0.7716285586357117,"orthographic":false}