{"cameraMode":{"drawMode":0,"name":"Shaded","section":"Shading Mode"},"sceneLighting":true,"audioPlay":false,"sceneViewState":{"showFog":true,"showMaterialUpdate":false,"showSkybox":true,"showFlares":true,"showImageEffects":true,"showParticleSystems":true},"in2DMode":false,"pivot":{"x":-0.10973333567380905,"y":-10.614930152893067,"z":20.121623992919923},"rotation":{"x":-0.21609659492969514,"y":-0.0008809053688310087,"z":0.0001955800107680261,"w":-0.9763716459274292},"size":31.57040023803711,"orthographic":false}